phone,meterNumber,subscriberNumber,police,name,address,tariffCode,category,grouping,center,zone,sector,oldIndex
91000001,MT-GAM-0001,ABN-GAM-0001,PL-GAM-0001,Client Gamkallé Nord 01,"Niamey, Gamkallé, Secteur Nord, Rue 01",T1,01,GRP-GAM,Niamey,Gamkallé,Nord,1010
91000002,MT-GAM-0002,ABN-GAM-0002,PL-GAM-0002,Client Gamkallé Nord 02,"Niamey, Gamkallé, Secteur Nord, Rue 02",T2,02,GRP-GAM,Niamey,Gamkallé,Nord,1020
91000003,MT-GAM-0003,ABN-GAM-0003,PL-GAM-0003,Client Gamkallé Nord 03,"Niamey, Gamkallé, Secteur Nord, Rue 03",T3,01,GRP-GAM,Niamey,Gamkallé,Nord,1030
91000004,MT-GAM-0004,ABN-GAM-0004,PL-GAM-0004,Client Gamkallé Nord 04,"Niamey, Gamkallé, Secteur Nord, Rue 04",T1,02,GRP-GAM,Niamey,Gamkallé,Nord,1040
91000005,MT-GAM-0005,ABN-GAM-0005,PL-GAM-0005,Client Gamkallé Nord 05,"Niamey, Gamkallé, Secteur Nord, Rue 05",T2,01,GRP-GAM,Niamey,Gamkallé,Nord,1050
91000006,MT-GAM-0006,ABN-GAM-0006,PL-GAM-0006,Client Gamkallé Nord 06,"Niamey, Gamkallé, Secteur Nord, Rue 06",T3,02,GRP-GAM,Niamey,Gamkallé,Nord,1060
91000007,MT-GAM-0007,ABN-GAM-0007,PL-GAM-0007,Client Gamkallé Nord 07,"Niamey, Gamkallé, Secteur Nord, Rue 07",T1,01,GRP-GAM,Niamey,Gamkallé,Nord,1070
91000008,MT-GAM-0008,ABN-GAM-0008,PL-GAM-0008,Client Gamkallé Nord 08,"Niamey, Gamkallé, Secteur Nord, Rue 08",T2,02,GRP-GAM,Niamey,Gamkallé,Nord,1080
91000009,MT-GAM-0009,ABN-GAM-0009,PL-GAM-0009,Client Gamkallé Nord 09,"Niamey, Gamkallé, Secteur Nord, Rue 09",T3,01,GRP-GAM,Niamey,Gamkallé,Nord,1090
91000010,MT-GAM-0010,ABN-GAM-0010,PL-GAM-0010,Client Gamkallé Nord 10,"Niamey, Gamkallé, Secteur Nord, Rue 10",T1,02,GRP-GAM,Niamey,Gamkallé,Nord,1100
91000011,MT-GAM-0011,ABN-GAM-0011,PL-GAM-0011,Client Gamkallé Nord 11,"Niamey, Gamkallé, Secteur Nord, Rue 11",T2,01,GRP-GAM,Niamey,Gamkallé,Nord,1110
91000012,MT-GAM-0012,ABN-GAM-0012,PL-GAM-0012,Client Gamkallé Nord 12,"Niamey, Gamkallé, Secteur Nord, Rue 12",T3,02,GRP-GAM,Niamey,Gamkallé,Nord,1120
91000013,MT-GAM-0013,ABN-GAM-0013,PL-GAM-0013,Client Gamkallé Nord 13,"Niamey, Gamkallé, Secteur Nord, Rue 13",T1,01,GRP-GAM,Niamey,Gamkallé,Nord,1130
91000014,MT-GAM-0014,ABN-GAM-0014,PL-GAM-0014,Client Gamkallé Nord 14,"Niamey, Gamkallé, Secteur Nord, Rue 14",T2,02,GRP-GAM,Niamey,Gamkallé,Nord,1140
91000015,MT-GAM-0015,ABN-GAM-0015,PL-GAM-0015,Client Gamkallé Nord 15,"Niamey, Gamkallé, Secteur Nord, Rue 15",T3,01,GRP-GAM,Niamey,Gamkallé,Nord,1150
91000016,MT-GAM-0016,ABN-GAM-0016,PL-GAM-0016,Client Gamkallé Nord 16,"Niamey, Gamkallé, Secteur Nord, Rue 16",T1,02,GRP-GAM,Niamey,Gamkallé,Nord,1160
91000017,MT-GAM-0017,ABN-GAM-0017,PL-GAM-0017,Client Gamkallé Nord 17,"Niamey, Gamkallé, Secteur Nord, Rue 17",T2,01,GRP-GAM,Niamey,Gamkallé,Nord,1170
91000018,MT-GAM-0018,ABN-GAM-0018,PL-GAM-0018,Client Gamkallé Nord 18,"Niamey, Gamkallé, Secteur Nord, Rue 18",T3,02,GRP-GAM,Niamey,Gamkallé,Nord,1180
91000019,MT-GAM-0019,ABN-GAM-0019,PL-GAM-0019,Client Gamkallé Nord 19,"Niamey, Gamkallé, Secteur Nord, Rue 19",T1,01,GRP-GAM,Niamey,Gamkallé,Nord,1190
91000020,MT-GAM-0020,ABN-GAM-0020,PL-GAM-0020,Client Gamkallé Nord 20,"Niamey, Gamkallé, Secteur Nord, Rue 20",T2,02,GRP-GAM,Niamey,Gamkallé,Nord,1200
91000021,MT-GAM-0021,ABN-GAM-0021,PL-GAM-0021,Client Gamkallé Nord 21,"Niamey, Gamkallé, Secteur Nord, Rue 21",T3,01,GRP-GAM,Niamey,Gamkallé,Nord,1210
91000022,MT-GAM-0022,ABN-GAM-0022,PL-GAM-0022,Client Gamkallé Nord 22,"Niamey, Gamkallé, Secteur Nord, Rue 22",T1,02,GRP-GAM,Niamey,Gamkallé,Nord,1220
91000023,MT-GAM-0023,ABN-GAM-0023,PL-GAM-0023,Client Gamkallé Nord 23,"Niamey, Gamkallé, Secteur Nord, Rue 23",T2,01,GRP-GAM,Niamey,Gamkallé,Nord,1230
91000024,MT-GAM-0024,ABN-GAM-0024,PL-GAM-0024,Client Gamkallé Nord 24,"Niamey, Gamkallé, Secteur Nord, Rue 24",T3,02,GRP-GAM,Niamey,Gamkallé,Nord,1240
91000025,MT-GAM-0025,ABN-GAM-0025,PL-GAM-0025,Client Gamkallé Nord 25,"Niamey, Gamkallé, Secteur Nord, Rue 25",T1,01,GRP-GAM,Niamey,Gamkallé,Nord,1250
91000026,MT-GAM-0026,ABN-GAM-0026,PL-GAM-0026,Client Gamkallé Nord 26,"Niamey, Gamkallé, Secteur Nord, Rue 26",T2,02,GRP-GAM,Niamey,Gamkallé,Nord,1260
91000027,MT-GAM-0027,ABN-GAM-0027,PL-GAM-0027,Client Gamkallé Nord 27,"Niamey, Gamkallé, Secteur Nord, Rue 27",T3,01,GRP-GAM,Niamey,Gamkallé,Nord,1270
91000028,MT-GAM-0028,ABN-GAM-0028,PL-GAM-0028,Client Gamkallé Nord 28,"Niamey, Gamkallé, Secteur Nord, Rue 28",T1,02,GRP-GAM,Niamey,Gamkallé,Nord,1280
91000029,MT-GAM-0029,ABN-GAM-0029,PL-GAM-0029,Client Gamkallé Nord 29,"Niamey, Gamkallé, Secteur Nord, Rue 29",T2,01,GRP-GAM,Niamey,Gamkallé,Nord,1290
91000030,MT-GAM-0030,ABN-GAM-0030,PL-GAM-0030,Client Gamkallé Nord 30,"Niamey, Gamkallé, Secteur Nord, Rue 30",T3,02,GRP-GAM,Niamey,Gamkallé,Nord,1300
91000031,MT-GAM-0031,ABN-GAM-0031,PL-GAM-0031,Client Gamkallé Nord 31,"Niamey, Gamkallé, Secteur Nord, Rue 31",T1,01,GRP-GAM,Niamey,Gamkallé,Nord,1310
91000032,MT-GAM-0032,ABN-GAM-0032,PL-GAM-0032,Client Gamkallé Nord 32,"Niamey, Gamkallé, Secteur Nord, Rue 32",T2,02,GRP-GAM,Niamey,Gamkallé,Nord,1320
91000033,MT-GAM-0033,ABN-GAM-0033,PL-GAM-0033,Client Gamkallé Nord 33,"Niamey, Gamkallé, Secteur Nord, Rue 33",T3,01,GRP-GAM,Niamey,Gamkallé,Nord,1330
91000034,MT-GAM-0034,ABN-GAM-0034,PL-GAM-0034,Client Gamkallé Nord 34,"Niamey, Gamkallé, Secteur Nord, Rue 34",T1,02,GRP-GAM,Niamey,Gamkallé,Nord,1340
91000035,MT-GAM-0035,ABN-GAM-0035,PL-GAM-0035,Client Gamkallé Nord 35,"Niamey, Gamkallé, Secteur Nord, Rue 35",T2,01,GRP-GAM,Niamey,Gamkallé,Nord,1350
91000036,MT-GAM-0036,ABN-GAM-0036,PL-GAM-0036,Client Gamkallé Nord 36,"Niamey, Gamkallé, Secteur Nord, Rue 36",T3,02,GRP-GAM,Niamey,Gamkallé,Nord,1360
91000037,MT-GAM-0037,ABN-GAM-0037,PL-GAM-0037,Client Gamkallé Nord 37,"Niamey, Gamkallé, Secteur Nord, Rue 37",T1,01,GRP-GAM,Niamey,Gamkallé,Nord,1370
91000038,MT-GAM-0038,ABN-GAM-0038,PL-GAM-0038,Client Gamkallé Nord 38,"Niamey, Gamkallé, Secteur Nord, Rue 38",T2,02,GRP-GAM,Niamey,Gamkallé,Nord,1380
91000039,MT-GAM-0039,ABN-GAM-0039,PL-GAM-0039,Client Gamkallé Nord 39,"Niamey, Gamkallé, Secteur Nord, Rue 39",T3,01,GRP-GAM,Niamey,Gamkallé,Nord,1390
91000040,MT-GAM-0040,ABN-GAM-0040,PL-GAM-0040,Client Gamkallé Nord 40,"Niamey, Gamkallé, Secteur Nord, Rue 40",T1,02,GRP-GAM,Niamey,Gamkallé,Nord,1400
91000041,MT-KOU-0001,ABN-KOU-0001,PL-KOU-0001,Client Koubia Sud 01,"Niamey, Koubia, Secteur Sud, Rue 01",T1,01,GRP-KOU,Niamey,Koubia,Sud,1410
91000042,MT-KOU-0002,ABN-KOU-0002,PL-KOU-0002,Client Koubia Sud 02,"Niamey, Koubia, Secteur Sud, Rue 02",T2,02,GRP-KOU,Niamey,Koubia,Sud,1420
91000043,MT-KOU-0003,ABN-KOU-0003,PL-KOU-0003,Client Koubia Sud 03,"Niamey, Koubia, Secteur Sud, Rue 03",T3,01,GRP-KOU,Niamey,Koubia,Sud,1430
91000044,MT-KOU-0004,ABN-KOU-0004,PL-KOU-0004,Client Koubia Sud 04,"Niamey, Koubia, Secteur Sud, Rue 04",T1,02,GRP-KOU,Niamey,Koubia,Sud,1440
91000045,MT-KOU-0005,ABN-KOU-0005,PL-KOU-0005,Client Koubia Sud 05,"Niamey, Koubia, Secteur Sud, Rue 05",T2,01,GRP-KOU,Niamey,Koubia,Sud,1450
91000046,MT-KOU-0006,ABN-KOU-0006,PL-KOU-0006,Client Koubia Sud 06,"Niamey, Koubia, Secteur Sud, Rue 06",T3,02,GRP-KOU,Niamey,Koubia,Sud,1460
91000047,MT-KOU-0007,ABN-KOU-0007,PL-KOU-0007,Client Koubia Sud 07,"Niamey, Koubia, Secteur Sud, Rue 07",T1,01,GRP-KOU,Niamey,Koubia,Sud,1470
91000048,MT-KOU-0008,ABN-KOU-0008,PL-KOU-0008,Client Koubia Sud 08,"Niamey, Koubia, Secteur Sud, Rue 08",T2,02,GRP-KOU,Niamey,Koubia,Sud,1480
91000049,MT-KOU-0009,ABN-KOU-0009,PL-KOU-0009,Client Koubia Sud 09,"Niamey, Koubia, Secteur Sud, Rue 09",T3,01,GRP-KOU,Niamey,Koubia,Sud,1490
91000050,MT-KOU-0010,ABN-KOU-0010,PL-KOU-0010,Client Koubia Sud 10,"Niamey, Koubia, Secteur Sud, Rue 10",T1,02,GRP-KOU,Niamey,Koubia,Sud,1500
91000051,MT-KOU-0011,ABN-KOU-0011,PL-KOU-0011,Client Koubia Sud 11,"Niamey, Koubia, Secteur Sud, Rue 11",T2,01,GRP-KOU,Niamey,Koubia,Sud,1510
91000052,MT-KOU-0012,ABN-KOU-0012,PL-KOU-0012,Client Koubia Sud 12,"Niamey, Koubia, Secteur Sud, Rue 12",T3,02,GRP-KOU,Niamey,Koubia,Sud,1520
91000053,MT-KOU-0013,ABN-KOU-0013,PL-KOU-0013,Client Koubia Sud 13,"Niamey, Koubia, Secteur Sud, Rue 13",T1,01,GRP-KOU,Niamey,Koubia,Sud,1530
91000054,MT-KOU-0014,ABN-KOU-0014,PL-KOU-0014,Client Koubia Sud 14,"Niamey, Koubia, Secteur Sud, Rue 14",T2,02,GRP-KOU,Niamey,Koubia,Sud,1540
91000055,MT-KOU-0015,ABN-KOU-0015,PL-KOU-0015,Client Koubia Sud 15,"Niamey, Koubia, Secteur Sud, Rue 15",T3,01,GRP-KOU,Niamey,Koubia,Sud,1550
91000056,MT-KOU-0016,ABN-KOU-0016,PL-KOU-0016,Client Koubia Sud 16,"Niamey, Koubia, Secteur Sud, Rue 16",T1,02,GRP-KOU,Niamey,Koubia,Sud,1560
91000057,MT-KOU-0017,ABN-KOU-0017,PL-KOU-0017,Client Koubia Sud 17,"Niamey, Koubia, Secteur Sud, Rue 17",T2,01,GRP-KOU,Niamey,Koubia,Sud,1570
91000058,MT-KOU-0018,ABN-KOU-0018,PL-KOU-0018,Client Koubia Sud 18,"Niamey, Koubia, Secteur Sud, Rue 18",T3,02,GRP-KOU,Niamey,Koubia,Sud,1580
91000059,MT-KOU-0019,ABN-KOU-0019,PL-KOU-0019,Client Koubia Sud 19,"Niamey, Koubia, Secteur Sud, Rue 19",T1,01,GRP-KOU,Niamey,Koubia,Sud,1590
91000060,MT-KOU-0020,ABN-KOU-0020,PL-KOU-0020,Client Koubia Sud 20,"Niamey, Koubia, Secteur Sud, Rue 20",T2,02,GRP-KOU,Niamey,Koubia,Sud,1600
91000061,MT-KOU-0021,ABN-KOU-0021,PL-KOU-0021,Client Koubia Sud 21,"Niamey, Koubia, Secteur Sud, Rue 21",T3,01,GRP-KOU,Niamey,Koubia,Sud,1610
91000062,MT-KOU-0022,ABN-KOU-0022,PL-KOU-0022,Client Koubia Sud 22,"Niamey, Koubia, Secteur Sud, Rue 22",T1,02,GRP-KOU,Niamey,Koubia,Sud,1620
91000063,MT-KOU-0023,ABN-KOU-0023,PL-KOU-0023,Client Koubia Sud 23,"Niamey, Koubia, Secteur Sud, Rue 23",T2,01,GRP-KOU,Niamey,Koubia,Sud,1630
91000064,MT-KOU-0024,ABN-KOU-0024,PL-KOU-0024,Client Koubia Sud 24,"Niamey, Koubia, Secteur Sud, Rue 24",T3,02,GRP-KOU,Niamey,Koubia,Sud,1640
91000065,MT-KOU-0025,ABN-KOU-0025,PL-KOU-0025,Client Koubia Sud 25,"Niamey, Koubia, Secteur Sud, Rue 25",T1,01,GRP-KOU,Niamey,Koubia,Sud,1650
91000066,MT-KOU-0026,ABN-KOU-0026,PL-KOU-0026,Client Koubia Sud 26,"Niamey, Koubia, Secteur Sud, Rue 26",T2,02,GRP-KOU,Niamey,Koubia,Sud,1660
91000067,MT-KOU-0027,ABN-KOU-0027,PL-KOU-0027,Client Koubia Sud 27,"Niamey, Koubia, Secteur Sud, Rue 27",T3,01,GRP-KOU,Niamey,Koubia,Sud,1670
91000068,MT-KOU-0028,ABN-KOU-0028,PL-KOU-0028,Client Koubia Sud 28,"Niamey, Koubia, Secteur Sud, Rue 28",T1,02,GRP-KOU,Niamey,Koubia,Sud,1680
91000069,MT-KOU-0029,ABN-KOU-0029,PL-KOU-0029,Client Koubia Sud 29,"Niamey, Koubia, Secteur Sud, Rue 29",T2,01,GRP-KOU,Niamey,Koubia,Sud,1690
91000070,MT-KOU-0030,ABN-KOU-0030,PL-KOU-0030,Client Koubia Sud 30,"Niamey, Koubia, Secteur Sud, Rue 30",T3,02,GRP-KOU,Niamey,Koubia,Sud,1700
91000071,MT-KOU-0031,ABN-KOU-0031,PL-KOU-0031,Client Koubia Sud 31,"Niamey, Koubia, Secteur Sud, Rue 31",T1,01,GRP-KOU,Niamey,Koubia,Sud,1710
91000072,MT-KOU-0032,ABN-KOU-0032,PL-KOU-0032,Client Koubia Sud 32,"Niamey, Koubia, Secteur Sud, Rue 32",T2,02,GRP-KOU,Niamey,Koubia,Sud,1720
91000073,MT-KOU-0033,ABN-KOU-0033,PL-KOU-0033,Client Koubia Sud 33,"Niamey, Koubia, Secteur Sud, Rue 33",T3,01,GRP-KOU,Niamey,Koubia,Sud,1730
91000074,MT-KOU-0034,ABN-KOU-0034,PL-KOU-0034,Client Koubia Sud 34,"Niamey, Koubia, Secteur Sud, Rue 34",T1,02,GRP-KOU,Niamey,Koubia,Sud,1740
91000075,MT-KOU-0035,ABN-KOU-0035,PL-KOU-0035,Client Koubia Sud 35,"Niamey, Koubia, Secteur Sud, Rue 35",T2,01,GRP-KOU,Niamey,Koubia,Sud,1750
91000076,MT-KOU-0036,ABN-KOU-0036,PL-KOU-0036,Client Koubia Sud 36,"Niamey, Koubia, Secteur Sud, Rue 36",T3,02,GRP-KOU,Niamey,Koubia,Sud,1760
91000077,MT-KOU-0037,ABN-KOU-0037,PL-KOU-0037,Client Koubia Sud 37,"Niamey, Koubia, Secteur Sud, Rue 37",T1,01,GRP-KOU,Niamey,Koubia,Sud,1770
91000078,MT-KOU-0038,ABN-KOU-0038,PL-KOU-0038,Client Koubia Sud 38,"Niamey, Koubia, Secteur Sud, Rue 38",T2,02,GRP-KOU,Niamey,Koubia,Sud,1780
91000079,MT-KOU-0039,ABN-KOU-0039,PL-KOU-0039,Client Koubia Sud 39,"Niamey, Koubia, Secteur Sud, Rue 39",T3,01,GRP-KOU,Niamey,Koubia,Sud,1790
91000080,MT-KOU-0040,ABN-KOU-0040,PL-KOU-0040,Client Koubia Sud 40,"Niamey, Koubia, Secteur Sud, Rue 40",T1,02,GRP-KOU,Niamey,Koubia,Sud,1800
91000081,MT-KAL-0001,ABN-KAL-0001,PL-KAL-0001,Client Kalley Amirou 01,"Niamey, Kalley, Secteur Amirou, Rue 01",T1,01,GRP-KAL,Niamey,Kalley,Amirou,1810
91000082,MT-KAL-0002,ABN-KAL-0002,PL-KAL-0002,Client Kalley Amirou 02,"Niamey, Kalley, Secteur Amirou, Rue 02",T2,02,GRP-KAL,Niamey,Kalley,Amirou,1820
91000083,MT-KAL-0003,ABN-KAL-0003,PL-KAL-0003,Client Kalley Amirou 03,"Niamey, Kalley, Secteur Amirou, Rue 03",T3,01,GRP-KAL,Niamey,Kalley,Amirou,1830
91000084,MT-KAL-0004,ABN-KAL-0004,PL-KAL-0004,Client Kalley Amirou 04,"Niamey, Kalley, Secteur Amirou, Rue 04",T1,02,GRP-KAL,Niamey,Kalley,Amirou,1840
91000085,MT-KAL-0005,ABN-KAL-0005,PL-KAL-0005,Client Kalley Amirou 05,"Niamey, Kalley, Secteur Amirou, Rue 05",T2,01,GRP-KAL,Niamey,Kalley,Amirou,1850
91000086,MT-KAL-0006,ABN-KAL-0006,PL-KAL-0006,Client Kalley Amirou 06,"Niamey, Kalley, Secteur Amirou, Rue 06",T3,02,GRP-KAL,Niamey,Kalley,Amirou,1860
91000087,MT-KAL-0007,ABN-KAL-0007,PL-KAL-0007,Client Kalley Amirou 07,"Niamey, Kalley, Secteur Amirou, Rue 07",T1,01,GRP-KAL,Niamey,Kalley,Amirou,1870
91000088,MT-KAL-0008,ABN-KAL-0008,PL-KAL-0008,Client Kalley Amirou 08,"Niamey, Kalley, Secteur Amirou, Rue 08",T2,02,GRP-KAL,Niamey,Kalley,Amirou,1880
91000089,MT-KAL-0009,ABN-KAL-0009,PL-KAL-0009,Client Kalley Amirou 09,"Niamey, Kalley, Secteur Amirou, Rue 09",T3,01,GRP-KAL,Niamey,Kalley,Amirou,1890
91000090,MT-KAL-0010,ABN-KAL-0010,PL-KAL-0010,Client Kalley Amirou 10,"Niamey, Kalley, Secteur Amirou, Rue 10",T1,02,GRP-KAL,Niamey,Kalley,Amirou,1900
91000091,MT-KAL-0011,ABN-KAL-0011,PL-KAL-0011,Client Kalley Amirou 11,"Niamey, Kalley, Secteur Amirou, Rue 11",T2,01,GRP-KAL,Niamey,Kalley,Amirou,1910
91000092,MT-KAL-0012,ABN-KAL-0012,PL-KAL-0012,Client Kalley Amirou 12,"Niamey, Kalley, Secteur Amirou, Rue 12",T3,02,GRP-KAL,Niamey,Kalley,Amirou,1920
91000093,MT-KAL-0013,ABN-KAL-0013,PL-KAL-0013,Client Kalley Amirou 13,"Niamey, Kalley, Secteur Amirou, Rue 13",T1,01,GRP-KAL,Niamey,Kalley,Amirou,1930
91000094,MT-KAL-0014,ABN-KAL-0014,PL-KAL-0014,Client Kalley Amirou 14,"Niamey, Kalley, Secteur Amirou, Rue 14",T2,02,GRP-KAL,Niamey,Kalley,Amirou,1940
91000095,MT-KAL-0015,ABN-KAL-0015,PL-KAL-0015,Client Kalley Amirou 15,"Niamey, Kalley, Secteur Amirou, Rue 15",T3,01,GRP-KAL,Niamey,Kalley,Amirou,1950
91000096,MT-KAL-0016,ABN-KAL-0016,PL-KAL-0016,Client Kalley Amirou 16,"Niamey, Kalley, Secteur Amirou, Rue 16",T1,02,GRP-KAL,Niamey,Kalley,Amirou,1960
91000097,MT-KAL-0017,ABN-KAL-0017,PL-KAL-0017,Client Kalley Amirou 17,"Niamey, Kalley, Secteur Amirou, Rue 17",T2,01,GRP-KAL,Niamey,Kalley,Amirou,1970
91000098,MT-KAL-0018,ABN-KAL-0018,PL-KAL-0018,Client Kalley Amirou 18,"Niamey, Kalley, Secteur Amirou, Rue 18",T3,02,GRP-KAL,Niamey,Kalley,Amirou,1980
91000099,MT-KAL-0019,ABN-KAL-0019,PL-KAL-0019,Client Kalley Amirou 19,"Niamey, Kalley, Secteur Amirou, Rue 19",T1,01,GRP-KAL,Niamey,Kalley,Amirou,1990
91000100,MT-KAL-0020,ABN-KAL-0020,PL-KAL-0020,Client Kalley Amirou 20,"Niamey, Kalley, Secteur Amirou, Rue 20",T2,02,GRP-KAL,Niamey,Kalley,Amirou,2000
91000101,MT-KAL-0021,ABN-KAL-0021,PL-KAL-0021,Client Kalley Amirou 21,"Niamey, Kalley, Secteur Amirou, Rue 21",T3,01,GRP-KAL,Niamey,Kalley,Amirou,2010
91000102,MT-KAL-0022,ABN-KAL-0022,PL-KAL-0022,Client Kalley Amirou 22,"Niamey, Kalley, Secteur Amirou, Rue 22",T1,02,GRP-KAL,Niamey,Kalley,Amirou,2020
91000103,MT-KAL-0023,ABN-KAL-0023,PL-KAL-0023,Client Kalley Amirou 23,"Niamey, Kalley, Secteur Amirou, Rue 23",T2,01,GRP-KAL,Niamey,Kalley,Amirou,2030
91000104,MT-KAL-0024,ABN-KAL-0024,PL-KAL-0024,Client Kalley Amirou 24,"Niamey, Kalley, Secteur Amirou, Rue 24",T3,02,GRP-KAL,Niamey,Kalley,Amirou,2040
91000105,MT-KAL-0025,ABN-KAL-0025,PL-KAL-0025,Client Kalley Amirou 25,"Niamey, Kalley, Secteur Amirou, Rue 25",T1,01,GRP-KAL,Niamey,Kalley,Amirou,2050
91000106,MT-KAL-0026,ABN-KAL-0026,PL-KAL-0026,Client Kalley Amirou 26,"Niamey, Kalley, Secteur Amirou, Rue 26",T2,02,GRP-KAL,Niamey,Kalley,Amirou,2060
91000107,MT-KAL-0027,ABN-KAL-0027,PL-KAL-0027,Client Kalley Amirou 27,"Niamey, Kalley, Secteur Amirou, Rue 27",T3,01,GRP-KAL,Niamey,Kalley,Amirou,2070
91000108,MT-KAL-0028,ABN-KAL-0028,PL-KAL-0028,Client Kalley Amirou 28,"Niamey, Kalley, Secteur Amirou, Rue 28",T1,02,GRP-KAL,Niamey,Kalley,Amirou,2080
91000109,MT-KAL-0029,ABN-KAL-0029,PL-KAL-0029,Client Kalley Amirou 29,"Niamey, Kalley, Secteur Amirou, Rue 29",T2,01,GRP-KAL,Niamey,Kalley,Amirou,2090
91000110,MT-KAL-0030,ABN-KAL-0030,PL-KAL-0030,Client Kalley Amirou 30,"Niamey, Kalley, Secteur Amirou, Rue 30",T3,02,GRP-KAL,Niamey,Kalley,Amirou,2100
91000111,MT-KAL-0031,ABN-KAL-0031,PL-KAL-0031,Client Kalley Amirou 31,"Niamey, Kalley, Secteur Amirou, Rue 31",T1,01,GRP-KAL,Niamey,Kalley,Amirou,2110
91000112,MT-KAL-0032,ABN-KAL-0032,PL-KAL-0032,Client Kalley Amirou 32,"Niamey, Kalley, Secteur Amirou, Rue 32",T2,02,GRP-KAL,Niamey,Kalley,Amirou,2120
91000113,MT-KAL-0033,ABN-KAL-0033,PL-KAL-0033,Client Kalley Amirou 33,"Niamey, Kalley, Secteur Amirou, Rue 33",T3,01,GRP-KAL,Niamey,Kalley,Amirou,2130
91000114,MT-KAL-0034,ABN-KAL-0034,PL-KAL-0034,Client Kalley Amirou 34,"Niamey, Kalley, Secteur Amirou, Rue 34",T1,02,GRP-KAL,Niamey,Kalley,Amirou,2140
91000115,MT-KAL-0035,ABN-KAL-0035,PL-KAL-0035,Client Kalley Amirou 35,"Niamey, Kalley, Secteur Amirou, Rue 35",T2,01,GRP-KAL,Niamey,Kalley,Amirou,2150
91000116,MT-KAL-0036,ABN-KAL-0036,PL-KAL-0036,Client Kalley Amirou 36,"Niamey, Kalley, Secteur Amirou, Rue 36",T3,02,GRP-KAL,Niamey,Kalley,Amirou,2160
91000117,MT-KAL-0037,ABN-KAL-0037,PL-KAL-0037,Client Kalley Amirou 37,"Niamey, Kalley, Secteur Amirou, Rue 37",T1,01,GRP-KAL,Niamey,Kalley,Amirou,2170
91000118,MT-KAL-0038,ABN-KAL-0038,PL-KAL-0038,Client Kalley Amirou 38,"Niamey, Kalley, Secteur Amirou, Rue 38",T2,02,GRP-KAL,Niamey,Kalley,Amirou,2180
91000119,MT-KAL-0039,ABN-KAL-0039,PL-KAL-0039,Client Kalley Amirou 39,"Niamey, Kalley, Secteur Amirou, Rue 39",T3,01,GRP-KAL,Niamey,Kalley,Amirou,2190
91000120,MT-KAL-0040,ABN-KAL-0040,PL-KAL-0040,Client Kalley Amirou 40,"Niamey, Kalley, Secteur Amirou, Rue 40",T1,02,GRP-KAL,Niamey,Kalley,Amirou,2200
91000121,MT-PLA-0001,ABN-PLA-0001,PL-PLA-0001,Client Plateau Centre 01,"Niamey, Plateau, Secteur Centre, Rue 01",T1,01,GRP-PLA,Niamey,Plateau,Centre,2210
91000122,MT-PLA-0002,ABN-PLA-0002,PL-PLA-0002,Client Plateau Centre 02,"Niamey, Plateau, Secteur Centre, Rue 02",T2,02,GRP-PLA,Niamey,Plateau,Centre,2220
91000123,MT-PLA-0003,ABN-PLA-0003,PL-PLA-0003,Client Plateau Centre 03,"Niamey, Plateau, Secteur Centre, Rue 03",T3,01,GRP-PLA,Niamey,Plateau,Centre,2230
91000124,MT-PLA-0004,ABN-PLA-0004,PL-PLA-0004,Client Plateau Centre 04,"Niamey, Plateau, Secteur Centre, Rue 04",T1,02,GRP-PLA,Niamey,Plateau,Centre,2240
91000125,MT-PLA-0005,ABN-PLA-0005,PL-PLA-0005,Client Plateau Centre 05,"Niamey, Plateau, Secteur Centre, Rue 05",T2,01,GRP-PLA,Niamey,Plateau,Centre,2250
91000126,MT-PLA-0006,ABN-PLA-0006,PL-PLA-0006,Client Plateau Centre 06,"Niamey, Plateau, Secteur Centre, Rue 06",T3,02,GRP-PLA,Niamey,Plateau,Centre,2260
91000127,MT-PLA-0007,ABN-PLA-0007,PL-PLA-0007,Client Plateau Centre 07,"Niamey, Plateau, Secteur Centre, Rue 07",T1,01,GRP-PLA,Niamey,Plateau,Centre,2270
91000128,MT-PLA-0008,ABN-PLA-0008,PL-PLA-0008,Client Plateau Centre 08,"Niamey, Plateau, Secteur Centre, Rue 08",T2,02,GRP-PLA,Niamey,Plateau,Centre,2280
91000129,MT-PLA-0009,ABN-PLA-0009,PL-PLA-0009,Client Plateau Centre 09,"Niamey, Plateau, Secteur Centre, Rue 09",T3,01,GRP-PLA,Niamey,Plateau,Centre,2290
91000130,MT-PLA-0010,ABN-PLA-0010,PL-PLA-0010,Client Plateau Centre 10,"Niamey, Plateau, Secteur Centre, Rue 10",T1,02,GRP-PLA,Niamey,Plateau,Centre,2300
91000131,MT-PLA-0011,ABN-PLA-0011,PL-PLA-0011,Client Plateau Centre 11,"Niamey, Plateau, Secteur Centre, Rue 11",T2,01,GRP-PLA,Niamey,Plateau,Centre,2310
91000132,MT-PLA-0012,ABN-PLA-0012,PL-PLA-0012,Client Plateau Centre 12,"Niamey, Plateau, Secteur Centre, Rue 12",T3,02,GRP-PLA,Niamey,Plateau,Centre,2320
91000133,MT-PLA-0013,ABN-PLA-0013,PL-PLA-0013,Client Plateau Centre 13,"Niamey, Plateau, Secteur Centre, Rue 13",T1,01,GRP-PLA,Niamey,Plateau,Centre,2330
91000134,MT-PLA-0014,ABN-PLA-0014,PL-PLA-0014,Client Plateau Centre 14,"Niamey, Plateau, Secteur Centre, Rue 14",T2,02,GRP-PLA,Niamey,Plateau,Centre,2340
91000135,MT-PLA-0015,ABN-PLA-0015,PL-PLA-0015,Client Plateau Centre 15,"Niamey, Plateau, Secteur Centre, Rue 15",T3,01,GRP-PLA,Niamey,Plateau,Centre,2350
91000136,MT-PLA-0016,ABN-PLA-0016,PL-PLA-0016,Client Plateau Centre 16,"Niamey, Plateau, Secteur Centre, Rue 16",T1,02,GRP-PLA,Niamey,Plateau,Centre,2360
91000137,MT-PLA-0017,ABN-PLA-0017,PL-PLA-0017,Client Plateau Centre 17,"Niamey, Plateau, Secteur Centre, Rue 17",T2,01,GRP-PLA,Niamey,Plateau,Centre,2370
91000138,MT-PLA-0018,ABN-PLA-0018,PL-PLA-0018,Client Plateau Centre 18,"Niamey, Plateau, Secteur Centre, Rue 18",T3,02,GRP-PLA,Niamey,Plateau,Centre,2380
91000139,MT-PLA-0019,ABN-PLA-0019,PL-PLA-0019,Client Plateau Centre 19,"Niamey, Plateau, Secteur Centre, Rue 19",T1,01,GRP-PLA,Niamey,Plateau,Centre,2390
91000140,MT-PLA-0020,ABN-PLA-0020,PL-PLA-0020,Client Plateau Centre 20,"Niamey, Plateau, Secteur Centre, Rue 20",T2,02,GRP-PLA,Niamey,Plateau,Centre,2400
91000141,MT-PLA-0021,ABN-PLA-0021,PL-PLA-0021,Client Plateau Centre 21,"Niamey, Plateau, Secteur Centre, Rue 21",T3,01,GRP-PLA,Niamey,Plateau,Centre,2410
91000142,MT-PLA-0022,ABN-PLA-0022,PL-PLA-0022,Client Plateau Centre 22,"Niamey, Plateau, Secteur Centre, Rue 22",T1,02,GRP-PLA,Niamey,Plateau,Centre,2420
91000143,MT-PLA-0023,ABN-PLA-0023,PL-PLA-0023,Client Plateau Centre 23,"Niamey, Plateau, Secteur Centre, Rue 23",T2,01,GRP-PLA,Niamey,Plateau,Centre,2430
91000144,MT-PLA-0024,ABN-PLA-0024,PL-PLA-0024,Client Plateau Centre 24,"Niamey, Plateau, Secteur Centre, Rue 24",T3,02,GRP-PLA,Niamey,Plateau,Centre,2440
91000145,MT-PLA-0025,ABN-PLA-0025,PL-PLA-0025,Client Plateau Centre 25,"Niamey, Plateau, Secteur Centre, Rue 25",T1,01,GRP-PLA,Niamey,Plateau,Centre,2450
91000146,MT-PLA-0026,ABN-PLA-0026,PL-PLA-0026,Client Plateau Centre 26,"Niamey, Plateau, Secteur Centre, Rue 26",T2,02,GRP-PLA,Niamey,Plateau,Centre,2460
91000147,MT-PLA-0027,ABN-PLA-0027,PL-PLA-0027,Client Plateau Centre 27,"Niamey, Plateau, Secteur Centre, Rue 27",T3,01,GRP-PLA,Niamey,Plateau,Centre,2470
91000148,MT-PLA-0028,ABN-PLA-0028,PL-PLA-0028,Client Plateau Centre 28,"Niamey, Plateau, Secteur Centre, Rue 28",T1,02,GRP-PLA,Niamey,Plateau,Centre,2480
91000149,MT-PLA-0029,ABN-PLA-0029,PL-PLA-0029,Client Plateau Centre 29,"Niamey, Plateau, Secteur Centre, Rue 29",T2,01,GRP-PLA,Niamey,Plateau,Centre,2490
91000150,MT-PLA-0030,ABN-PLA-0030,PL-PLA-0030,Client Plateau Centre 30,"Niamey, Plateau, Secteur Centre, Rue 30",T3,02,GRP-PLA,Niamey,Plateau,Centre,2500
91000151,MT-PLA-0031,ABN-PLA-0031,PL-PLA-0031,Client Plateau Centre 31,"Niamey, Plateau, Secteur Centre, Rue 31",T1,01,GRP-PLA,Niamey,Plateau,Centre,2510
91000152,MT-PLA-0032,ABN-PLA-0032,PL-PLA-0032,Client Plateau Centre 32,"Niamey, Plateau, Secteur Centre, Rue 32",T2,02,GRP-PLA,Niamey,Plateau,Centre,2520
91000153,MT-PLA-0033,ABN-PLA-0033,PL-PLA-0033,Client Plateau Centre 33,"Niamey, Plateau, Secteur Centre, Rue 33",T3,01,GRP-PLA,Niamey,Plateau,Centre,2530
91000154,MT-PLA-0034,ABN-PLA-0034,PL-PLA-0034,Client Plateau Centre 34,"Niamey, Plateau, Secteur Centre, Rue 34",T1,02,GRP-PLA,Niamey,Plateau,Centre,2540
91000155,MT-PLA-0035,ABN-PLA-0035,PL-PLA-0035,Client Plateau Centre 35,"Niamey, Plateau, Secteur Centre, Rue 35",T2,01,GRP-PLA,Niamey,Plateau,Centre,2550
91000156,MT-PLA-0036,ABN-PLA-0036,PL-PLA-0036,Client Plateau Centre 36,"Niamey, Plateau, Secteur Centre, Rue 36",T3,02,GRP-PLA,Niamey,Plateau,Centre,2560
91000157,MT-PLA-0037,ABN-PLA-0037,PL-PLA-0037,Client Plateau Centre 37,"Niamey, Plateau, Secteur Centre, Rue 37",T1,01,GRP-PLA,Niamey,Plateau,Centre,2570
91000158,MT-PLA-0038,ABN-PLA-0038,PL-PLA-0038,Client Plateau Centre 38,"Niamey, Plateau, Secteur Centre, Rue 38",T2,02,GRP-PLA,Niamey,Plateau,Centre,2580
91000159,MT-PLA-0039,ABN-PLA-0039,PL-PLA-0039,Client Plateau Centre 39,"Niamey, Plateau, Secteur Centre, Rue 39",T3,01,GRP-PLA,Niamey,Plateau,Centre,2590
91000160,MT-PLA-0040,ABN-PLA-0040,PL-PLA-0040,Client Plateau Centre 40,"Niamey, Plateau, Secteur Centre, Rue 40",T1,02,GRP-PLA,Niamey,Plateau,Centre,2600
91000161,MT-LAZ-0001,ABN-LAZ-0001,PL-LAZ-0001,Client Lazarey Nord 01,"Niamey, Lazarey, Secteur Nord, Rue 01",T1,01,GRP-LAZ,Niamey,Lazarey,Nord,2610
91000162,MT-LAZ-0002,ABN-LAZ-0002,PL-LAZ-0002,Client Lazarey Nord 02,"Niamey, Lazarey, Secteur Nord, Rue 02",T2,02,GRP-LAZ,Niamey,Lazarey,Nord,2620
91000163,MT-LAZ-0003,ABN-LAZ-0003,PL-LAZ-0003,Client Lazarey Nord 03,"Niamey, Lazarey, Secteur Nord, Rue 03",T3,01,GRP-LAZ,Niamey,Lazarey,Nord,2630
91000164,MT-LAZ-0004,ABN-LAZ-0004,PL-LAZ-0004,Client Lazarey Nord 04,"Niamey, Lazarey, Secteur Nord, Rue 04",T1,02,GRP-LAZ,Niamey,Lazarey,Nord,2640
91000165,MT-LAZ-0005,ABN-LAZ-0005,PL-LAZ-0005,Client Lazarey Nord 05,"Niamey, Lazarey, Secteur Nord, Rue 05",T2,01,GRP-LAZ,Niamey,Lazarey,Nord,2650
91000166,MT-LAZ-0006,ABN-LAZ-0006,PL-LAZ-0006,Client Lazarey Nord 06,"Niamey, Lazarey, Secteur Nord, Rue 06",T3,02,GRP-LAZ,Niamey,Lazarey,Nord,2660
91000167,MT-LAZ-0007,ABN-LAZ-0007,PL-LAZ-0007,Client Lazarey Nord 07,"Niamey, Lazarey, Secteur Nord, Rue 07",T1,01,GRP-LAZ,Niamey,Lazarey,Nord,2670
91000168,MT-LAZ-0008,ABN-LAZ-0008,PL-LAZ-0008,Client Lazarey Nord 08,"Niamey, Lazarey, Secteur Nord, Rue 08",T2,02,GRP-LAZ,Niamey,Lazarey,Nord,2680
91000169,MT-LAZ-0009,ABN-LAZ-0009,PL-LAZ-0009,Client Lazarey Nord 09,"Niamey, Lazarey, Secteur Nord, Rue 09",T3,01,GRP-LAZ,Niamey,Lazarey,Nord,2690
91000170,MT-LAZ-0010,ABN-LAZ-0010,PL-LAZ-0010,Client Lazarey Nord 10,"Niamey, Lazarey, Secteur Nord, Rue 10",T1,02,GRP-LAZ,Niamey,Lazarey,Nord,2700
91000171,MT-LAZ-0011,ABN-LAZ-0011,PL-LAZ-0011,Client Lazarey Nord 11,"Niamey, Lazarey, Secteur Nord, Rue 11",T2,01,GRP-LAZ,Niamey,Lazarey,Nord,2710
91000172,MT-LAZ-0012,ABN-LAZ-0012,PL-LAZ-0012,Client Lazarey Nord 12,"Niamey, Lazarey, Secteur Nord, Rue 12",T3,02,GRP-LAZ,Niamey,Lazarey,Nord,2720
91000173,MT-LAZ-0013,ABN-LAZ-0013,PL-LAZ-0013,Client Lazarey Nord 13,"Niamey, Lazarey, Secteur Nord, Rue 13",T1,01,GRP-LAZ,Niamey,Lazarey,Nord,2730
91000174,MT-LAZ-0014,ABN-LAZ-0014,PL-LAZ-0014,Client Lazarey Nord 14,"Niamey, Lazarey, Secteur Nord, Rue 14",T2,02,GRP-LAZ,Niamey,Lazarey,Nord,2740
91000175,MT-LAZ-0015,ABN-LAZ-0015,PL-LAZ-0015,Client Lazarey Nord 15,"Niamey, Lazarey, Secteur Nord, Rue 15",T3,01,GRP-LAZ,Niamey,Lazarey,Nord,2750
91000176,MT-LAZ-0016,ABN-LAZ-0016,PL-LAZ-0016,Client Lazarey Nord 16,"Niamey, Lazarey, Secteur Nord, Rue 16",T1,02,GRP-LAZ,Niamey,Lazarey,Nord,2760
91000177,MT-LAZ-0017,ABN-LAZ-0017,PL-LAZ-0017,Client Lazarey Nord 17,"Niamey, Lazarey, Secteur Nord, Rue 17",T2,01,GRP-LAZ,Niamey,Lazarey,Nord,2770
91000178,MT-LAZ-0018,ABN-LAZ-0018,PL-LAZ-0018,Client Lazarey Nord 18,"Niamey, Lazarey, Secteur Nord, Rue 18",T3,02,GRP-LAZ,Niamey,Lazarey,Nord,2780
91000179,MT-LAZ-0019,ABN-LAZ-0019,PL-LAZ-0019,Client Lazarey Nord 19,"Niamey, Lazarey, Secteur Nord, Rue 19",T1,01,GRP-LAZ,Niamey,Lazarey,Nord,2790
91000180,MT-LAZ-0020,ABN-LAZ-0020,PL-LAZ-0020,Client Lazarey Nord 20,"Niamey, Lazarey, Secteur Nord, Rue 20",T2,02,GRP-LAZ,Niamey,Lazarey,Nord,2800
91000181,MT-LAZ-0021,ABN-LAZ-0021,PL-LAZ-0021,Client Lazarey Nord 21,"Niamey, Lazarey, Secteur Nord, Rue 21",T3,01,GRP-LAZ,Niamey,Lazarey,Nord,2810
91000182,MT-LAZ-0022,ABN-LAZ-0022,PL-LAZ-0022,Client Lazarey Nord 22,"Niamey, Lazarey, Secteur Nord, Rue 22",T1,02,GRP-LAZ,Niamey,Lazarey,Nord,2820
91000183,MT-LAZ-0023,ABN-LAZ-0023,PL-LAZ-0023,Client Lazarey Nord 23,"Niamey, Lazarey, Secteur Nord, Rue 23",T2,01,GRP-LAZ,Niamey,Lazarey,Nord,2830
91000184,MT-LAZ-0024,ABN-LAZ-0024,PL-LAZ-0024,Client Lazarey Nord 24,"Niamey, Lazarey, Secteur Nord, Rue 24",T3,02,GRP-LAZ,Niamey,Lazarey,Nord,2840
91000185,MT-LAZ-0025,ABN-LAZ-0025,PL-LAZ-0025,Client Lazarey Nord 25,"Niamey, Lazarey, Secteur Nord, Rue 25",T1,01,GRP-LAZ,Niamey,Lazarey,Nord,2850
91000186,MT-LAZ-0026,ABN-LAZ-0026,PL-LAZ-0026,Client Lazarey Nord 26,"Niamey, Lazarey, Secteur Nord, Rue 26",T2,02,GRP-LAZ,Niamey,Lazarey,Nord,2860
91000187,MT-LAZ-0027,ABN-LAZ-0027,PL-LAZ-0027,Client Lazarey Nord 27,"Niamey, Lazarey, Secteur Nord, Rue 27",T3,01,GRP-LAZ,Niamey,Lazarey,Nord,2870
91000188,MT-LAZ-0028,ABN-LAZ-0028,PL-LAZ-0028,Client Lazarey Nord 28,"Niamey, Lazarey, Secteur Nord, Rue 28",T1,02,GRP-LAZ,Niamey,Lazarey,Nord,2880
91000189,MT-LAZ-0029,ABN-LAZ-0029,PL-LAZ-0029,Client Lazarey Nord 29,"Niamey, Lazarey, Secteur Nord, Rue 29",T2,01,GRP-LAZ,Niamey,Lazarey,Nord,2890
91000190,MT-LAZ-0030,ABN-LAZ-0030,PL-LAZ-0030,Client Lazarey Nord 30,"Niamey, Lazarey, Secteur Nord, Rue 30",T3,02,GRP-LAZ,Niamey,Lazarey,Nord,2900
91000191,MT-LAZ-0031,ABN-LAZ-0031,PL-LAZ-0031,Client Lazarey Nord 31,"Niamey, Lazarey, Secteur Nord, Rue 31",T1,01,GRP-LAZ,Niamey,Lazarey,Nord,2910
91000192,MT-LAZ-0032,ABN-LAZ-0032,PL-LAZ-0032,Client Lazarey Nord 32,"Niamey, Lazarey, Secteur Nord, Rue 32",T2,02,GRP-LAZ,Niamey,Lazarey,Nord,2920
91000193,MT-LAZ-0033,ABN-LAZ-0033,PL-LAZ-0033,Client Lazarey Nord 33,"Niamey, Lazarey, Secteur Nord, Rue 33",T3,01,GRP-LAZ,Niamey,Lazarey,Nord,2930
91000194,MT-LAZ-0034,ABN-LAZ-0034,PL-LAZ-0034,Client Lazarey Nord 34,"Niamey, Lazarey, Secteur Nord, Rue 34",T1,02,GRP-LAZ,Niamey,Lazarey,Nord,2940
91000195,MT-LAZ-0035,ABN-LAZ-0035,PL-LAZ-0035,Client Lazarey Nord 35,"Niamey, Lazarey, Secteur Nord, Rue 35",T2,01,GRP-LAZ,Niamey,Lazarey,Nord,2950
91000196,MT-LAZ-0036,ABN-LAZ-0036,PL-LAZ-0036,Client Lazarey Nord 36,"Niamey, Lazarey, Secteur Nord, Rue 36",T3,02,GRP-LAZ,Niamey,Lazarey,Nord,2960
91000197,MT-LAZ-0037,ABN-LAZ-0037,PL-LAZ-0037,Client Lazarey Nord 37,"Niamey, Lazarey, Secteur Nord, Rue 37",T1,01,GRP-LAZ,Niamey,Lazarey,Nord,2970
91000198,MT-LAZ-0038,ABN-LAZ-0038,PL-LAZ-0038,Client Lazarey Nord 38,"Niamey, Lazarey, Secteur Nord, Rue 38",T2,02,GRP-LAZ,Niamey,Lazarey,Nord,2980
91000199,MT-LAZ-0039,ABN-LAZ-0039,PL-LAZ-0039,Client Lazarey Nord 39,"Niamey, Lazarey, Secteur Nord, Rue 39",T3,01,GRP-LAZ,Niamey,Lazarey,Nord,2990
91000200,MT-LAZ-0040,ABN-LAZ-0040,PL-LAZ-0040,Client Lazarey Nord 40,"Niamey, Lazarey, Secteur Nord, Rue 40",T1,02,GRP-LAZ,Niamey,Lazarey,Nord,3000
